{"return_per_episode": [[0.0], [0.0, 0.0], [0.0, 0.0], [0.0, 0.0], [0.0], [0.0, 0.0], [0.0, 0.0], [0.0, 0.0], [0.0, 0.0], [0.0], [0.0, 0.0], [0.0, 0.0], [0.0, 0.0], [0.0], [0.0, 0.0], [0.0, 0.0], [0.0, 0.0], [0.0, 0.0], [0.0], [0.0, 0.0]], "reshaped_return_per_episode": [[0.0], [0.0, 0.0], [0.0, 0.0], [0.0, 0.0], [0.0], [0.0, 0.0], [0.0, 0.0], [0.0, 0.0], [0.0, 0.0], [0.0], [0.0, 0.0], [0.0, 0.0], [0.0, 0.0], [0.0], [0.0, 0.0], [0.0, 0.0], [0.0, 0.0], [0.0, 0.0], [0.0], [0.0, 0.0]], "num_frames_per_episode": [[72.0], [72.0, 72.0], [72.0, 72.0], [72.0, 72.0], [72.0], [72.0, 72.0], [72.0, 72.0], [72.0, 72.0], [72.0, 72.0], [72.0], [72.0, 72.0], [72.0, 72.0], [72.0, 72.0], [72.0], [72.0, 72.0], [72.0, 72.0], [72.0, 72.0], [72.0, 72.0], [72.0], [72.0, 72.0]], "num_frames": [128, 128, 128, 128, 128, 128, 128, 128, 128, 128, 128, 128, 128, 128, 128, 128, 128, 128, 128, 128], "episodes_done": [1, 2, 2, 2, 1, 2, 2, 2, 2, 1, 2, 2, 2, 1, 2, 2, 2, 2, 1, 2], "entropy": [0.34740371257066727, 0.7292783111333847, 0.5479760318994522, 0.42557021975517273, 0.37409771978855133, 0.3163854628801346, 0.29574552923440933, 0.28424426168203354, 0.23960552364587784, 0.19782564789056778, 0.12627553194761276, 0.1067096833139658, 0.10585639253258705, 0.1021193414926529, 0.09869525022804737, 0.09862028248608112, 0.09616327472031116, 0.09798263758420944, 0.09488539397716522, 0.08625311963260174], "value": [0.209373714402318, -0.613441526889801, 0.0444922000169754, 0.2992841899394989, 0.42607948929071426, 0.01618312392383814, 0.13284184038639069, -0.5063032880425453, -0.2347922883927822, 0.003848854743409902, 0.11513157561421394, 0.0044896857580170035, -0.16271144896745682, -0.2724830284714699, -0.24644387140870094, -0.15479683130979538, -0.1529056578874588, -0.20349881052970886, -0.20712969452142715, -0.14185117185115814], "policy_loss": [0.5263533592224121, 0.020897323032841086, 0.36249442771077156, 0.2423853799700737, 0.1804702840745449, 0.1836562529206276, 0.229379303753376, 0.24376432783901691, 0.25494473427534103, 0.1382847223430872, 0.1867525391280651, 0.15262222662568092, 0.06495880335569382, 0.017766325501725078, 0.027517705457285047, 0.03250354900956154, 0.041958066169172525, 0.0451254197396338, 0.03033582493662834, 0.044463091529905796], "value_loss": [0.07262040348723531, 0.670651450753212, 0.5122981742024422, 0.36899296939373016, 0.3295845575630665, 0.4263502508401871, 0.3777081072330475, 0.962690070271492, 0.43344801664352417, 0.2705724909901619, 0.17571667581796646, 0.11655757017433643, 0.09085039794445038, 0.10645157098770142, 0.10039346292614937, 0.047682167030870914, 0.053667690604925156, 0.10005434229969978, 0.08856497891247272, 0.07447977643460035], "grad_norm": [2.2675833702087402, 8.392212867736816, 1.3737396001815796, 0.9864858984947205, 0.7859225869178772, 2.07871675491333, 1.1664749383926392, 6.869389057159424, 4.629805088043213, 1.2669872045516968, 1.9328124523162842, 0.9795269966125488, 1.0251902341842651, 2.596269369125366, 2.388115882873535, 1.7314456701278687, 0.9108870625495911, 0.21545423567295074, 2.3676276206970215, 1.8282979726791382], "loss": [0.4935172200202942, 0.3071356415748596, 0.13261525332927704, 0.08264632523059845, 0.17636889219284058, 0.0907946527004242, 0.04499950259923935, 0.23473826050758362, 0.04061677306890488, 0.05208750441670418, 0.10015695542097092, 0.1031222939491272, 0.02551223337650299, 0.03443826735019684, 0.021692074835300446, 0.009648667648434639, 0.01982194371521473, 0.03941880539059639, 0.012997809797525406, 0.008085735142230988]}